sale_id,date,product_id,customer_id,quantity,price_per_unit,planet_origin,planet_destination,delivery_time_days
1,2024-11-12,96,95,4,301.44,Nubaria,Kryptor,2
2,2023-10-23,10,132,3,473.93,Kryptor,Velonia,25
3,2024-12-06,28,23,2,436.59,Velonia,Galador,22
4,2023-07-26,12,21,1,327.87,Kryptor,Velonia,27
5,2025-07-13,81,179,1,112.33,Galador,Erebus,2
6,2024-04-02,53,182,9,418.05,Erebus,Kryptor,28
7,2024-12-21,91,116,5,395.9,Xandar,Zycron,21
8,2023-09-25,72,192,1,369.6,Erebus,Zycron,10
9,2023-08-12,95,21,1,238.4,Omicron,Zycron,19
10,2023-12-03,34,151,5,372.61,Velonia,Nubaria,7
11,2025-02-10,9,188,3,95.77,Erebus,Omicron,18
12,2025-04-16,68,60,1,182.11,Omicron,Omicron,2
13,2025-05-24,32,109,2,457.8,Kryptor,Erebus,26
14,2024-11-19,44,140,7,277.8,Galador,Galador,18
15,2025-03-15,49,98,7,465.91,Zycron,Velonia,2
16,2024-06-08,61,159,6,40.62,Galador,Xandar,10
17,2023-07-25,2,193,2,229.96,Nubaria,Nubaria,13
18,2023-09-07,67,8,8,495.39,Galador,Erebus,8
19,2023-08-20,31,29,2,262.28,Omicron,Erebus,11
20,2024-08-02,87,151,3,12.67,Nubaria,Nubaria,12
21,2024-09-16,18,101,2,385.81,Galador,Galador,16
22,2025-03-02,83,18,9,394.65,Zycron,Nubaria,14
23,2024-02-27,77,64,9,476.11,Kryptor,Xandar,10
24,2024-10-06,41,6,7,34.62,Erebus,Velonia,6
25,2025-01-20,12,71,2,225.82,Kryptor,Nubaria,21
26,2024-11-19,60,110,6,454.98,Erebus,Erebus,3
27,2024-02-25,86,29,8,184.4,Velonia,Nubaria,23
28,2023-11-12,66,58,7,165.97,Xandar,Xandar,26
29,2024-12-21,9,11,9,364.75,Kryptor,Kryptor,12
30,2024-01-28,19,50,1,89.38,Omicron,Velonia,21
31,2023-10-12,3,27,6,42.07,Xandar,Xandar,2
32,2024-12-05,96,91,8,163.11,Xandar,Erebus,14
33,2023-11-05,92,42,4,256.55,Galador,Erebus,16
34,2024-12-28,58,89,5,425.81,Omicron,Kryptor,4
35,2023-08-06,50,91,1,414.21,Xandar,Galador,11
36,2025-04-07,66,159,3,333.77,Zycron,Nubaria,28
37,2023-10-06,46,178,2,404.23,Nubaria,Erebus,5
38,2023-11-06,67,102,7,140.36,Zycron,Galador,4
39,2023-10-16,27,73,3,456.08,Erebus,Xandar,1
40,2025-03-26,47,199,8,269.96,Kryptor,Omicron,4
41,2024-05-07,81,126,5,377.25,Xandar,Galador,15
42,2023-10-07,93,131,6,176.64,Kryptor,Galador,16
43,2023-12-04,89,169,5,182.37,Nubaria,Velonia,12
44,2024-09-10,24,150,8,201.99,Nubaria,Nubaria,5
45,2024-03-05,46,48,3,78.15,Nubaria,Erebus,25
46,2024-02-22,14,192,9,387.08,Erebus,Zycron,2
47,2024-10-18,52,41,4,211.7,Kryptor,Omicron,4
48,2025-07-07,98,131,9,486.76,Zycron,Erebus,22
49,2025-06-22,14,124,7,271.06,Galador,Zycron,15
50,2025-02-09,67,139,5,472.39,Velonia,Kryptor,13
51,2025-01-02,65,76,7,42.32,Xandar,Zycron,11
52,2024-03-31,76,93,5,122.77,Erebus,Xandar,1
53,2024-09-05,31,81,7,410.4,Velonia,Kryptor,6
54,2023-10-13,89,143,7,86.15,Galador,Omicron,18
55,2023-08-17,84,23,8,454.33,Omicron,Nubaria,16
56,2023-09-27,85,47,8,159.54,Galador,Omicron,5
57,2024-03-27,5,157,6,264.28,Xandar,Nubaria,12
58,2023-11-24,12,66,6,249.68,Galador,Velonia,11
59,2024-07-27,55,27,8,56.46,Erebus,Zycron,2
60,2024-08-02,19,128,7,361.13,Velonia,Kryptor,12
61,2024-04-14,24,168,1,98.13,Galador,Velonia,5
62,2024-07-01,99,175,9,495.3,Velonia,Nubaria,18
63,2025-06-19,5,179,4,195.76,Omicron,Galador,3
64,2024-12-14,89,188,3,145.68,Erebus,Galador,19
65,2023-09-03,76,127,2,448.29,Galador,Nubaria,19
66,2024-10-08,17,161,1,19.43,Xandar,Erebus,17
67,2024-02-05,83,168,2,423.08,Omicron,Zycron,11
68,2023-11-24,2,42,5,133.31,Omicron,Galador,21
69,2024-12-01,62,79,7,266.19,Erebus,Erebus,20
70,2024-12-04,26,37,2,362.24,Nubaria,Omicron,16
71,2023-11-09,41,153,9,90.11,Xandar,Xandar,4
72,2024-02-19,3,70,9,83.49,Velonia,Omicron,13
73,2024-04-04,45,87,6,71.69,Erebus,Kryptor,27
74,2025-04-27,82,95,9,259.31,Xandar,Galador,29
75,2024-09-19,63,11,5,301.28,Omicron,Xandar,10
76,2025-05-26,30,154,9,354.51,Velonia,Erebus,12
77,2024-10-20,17,132,6,262.21,Kryptor,Velonia,26
78,2024-02-12,51,82,5,105.0,Omicron,Velonia,1
79,2024-05-03,47,112,1,143.37,Zycron,Xandar,2
80,2023-11-10,31,122,5,440.79,Nubaria,Kryptor,11
81,2023-07-22,29,50,8,228.21,Nubaria,Erebus,4
82,2024-12-09,95,171,5,185.36,Zycron,Omicron,2
83,2024-09-01,25,22,6,259.88,Kryptor,Velonia,4
84,2023-09-06,56,148,6,465.46,Erebus,Erebus,9
85,2024-12-24,87,186,5,219.82,Velonia,Velonia,24
86,2023-07-24,61,181,9,109.0,Xandar,Kryptor,29
87,2023-08-04,68,160,8,208.33,Xandar,Xandar,23
88,2024-03-17,11,143,9,212.27,Velonia,Zycron,26
89,2024-03-27,16,87,7,213.84,Xandar,Galador,15
90,2024-10-17,69,135,1,496.82,Kryptor,Omicron,15
91,2023-09-09,7,164,6,139.76,Omicron,Kryptor,22
92,2025-02-03,16,112,1,202.99,Omicron,Erebus,28
93,2024-04-10,9,153,8,217.37,Kryptor,Galador,21
94,2024-01-24,85,88,4,82.53,Erebus,Omicron,8
95,2025-06-29,9,50,7,154.24,Xandar,Zycron,17
96,2024-04-02,91,156,2,107.17,Velonia,Erebus,24
97,2025-04-28,28,111,6,153.65,Xandar,Zycron,16
98,2023-10-20,10,11,2,329.67,Kryptor,Omicron,10
99,2025-02-07,36,13,7,40.98,Xandar,Nubaria,12
100,2024-06-14,58,108,8,40.68,Zycron,Kryptor,2
101,2024-11-28,83,91,1,228.49,Galador,Omicron,22
102,2024-03-25,38,161,2,284.62,Erebus,Kryptor,24
103,2024-07-21,84,75,3,397.34,Xandar,Erebus,2
104,2024-06-22,67,124,6,95.97,Xandar,Xandar,17
105,2025-03-10,9,180,4,488.04,Velonia,Nubaria,12
106,2023-08-20,48,181,6,25.44,Velonia,Omicron,14
107,2023-09-03,18,112,9,109.17,Zycron,Galador,4
108,2025-02-23,53,67,3,459.21,Omicron,Omicron,12
109,2025-07-15,6,176,6,140.82,Xandar,Erebus,14
110,2025-03-27,9,184,1,249.64,Zycron,Galador,28
111,2024-07-06,20,169,4,344.74,Nubaria,Xandar,19
112,2024-11-11,1,39,8,300.59,Zycron,Kryptor,9
113,2023-09-20,55,129,8,205.97,Erebus,Galador,5
114,2025-05-20,81,3,9,224.02,Nubaria,Velonia,29
115,2025-01-23,89,24,9,252.64,Nubaria,Zycron,22
116,2024-11-22,39,24,1,205.24,Xandar,Omicron,14
117,2024-03-18,99,29,6,285.01,Kryptor,Nubaria,15
118,2025-02-01,10,72,6,158.42,Xandar,Galador,15
119,2023-08-11,33,76,2,57.52,Kryptor,Zycron,5
120,2025-05-18,90,159,3,163.58,Nubaria,Xandar,7
121,2024-11-09,67,194,2,296.37,Kryptor,Velonia,4
122,2024-06-01,95,142,9,497.06,Zycron,Zycron,22
123,2024-02-05,83,48,7,60.84,Xandar,Galador,12
124,2023-08-12,6,6,2,489.28,Galador,Xandar,11
125,2024-07-13,62,136,3,329.98,Erebus,Nubaria,13
126,2024-12-03,67,86,6,451.86,Nubaria,Zycron,26
127,2023-10-30,38,17,9,229.44,Erebus,Velonia,12
128,2024-03-12,97,131,3,423.28,Nubaria,Omicron,10
129,2025-01-04,99,29,1,10.91,Velonia,Erebus,20
130,2024-04-13,83,165,8,221.43,Velonia,Zycron,14
131,2025-02-08,89,13,7,116.16,Erebus,Kryptor,15
132,2023-09-12,11,1,5,215.64,Erebus,Zycron,16
133,2023-12-23,60,91,9,366.28,Nubaria,Galador,27
134,2024-05-21,95,75,8,434.99,Kryptor,Erebus,27
135,2024-01-05,74,155,8,471.98,Xandar,Xandar,10
136,2024-09-13,40,199,4,41.28,Erebus,Xandar,24
137,2024-03-23,19,45,8,163.56,Omicron,Velonia,9
138,2024-05-02,91,118,1,235.1,Erebus,Xandar,11
139,2024-04-21,12,139,2,415.33,Kryptor,Xandar,19
140,2024-12-18,46,158,9,414.83,Omicron,Zycron,22
141,2024-06-23,5,140,3,437.06,Velonia,Zycron,28
142,2024-07-29,87,38,8,332.54,Erebus,Galador,5
143,2024-07-02,41,73,9,105.13,Erebus,Erebus,6
144,2023-09-10,28,26,5,389.71,Velonia,Omicron,27
145,2025-06-16,59,133,5,151.67,Kryptor,Nubaria,27
146,2025-02-09,31,123,2,58.16,Zycron,Kryptor,20
147,2024-11-28,65,116,3,391.75,Erebus,Nubaria,16
148,2023-12-19,62,56,1,367.77,Velonia,Omicron,21
149,2025-06-07,93,18,6,380.83,Zycron,Zycron,2
150,2025-03-17,59,8,3,484.1,Omicron,Nubaria,19
151,2025-03-01,75,74,7,291.78,Zycron,Nubaria,11
152,2025-01-27,38,53,6,225.55,Zycron,Velonia,4
153,2024-06-26,92,22,7,298.24,Kryptor,Zycron,29
154,2025-07-11,37,132,7,63.41,Omicron,Omicron,4
155,2024-07-13,100,55,4,488.92,Omicron,Kryptor,22
156,2023-11-18,26,175,4,268.91,Galador,Omicron,22
157,2024-10-15,57,76,5,38.33,Galador,Kryptor,4
158,2025-03-18,66,158,9,335.31,Galador,Xandar,24
159,2024-08-19,92,173,7,27.05,Erebus,Zycron,24
160,2023-11-02,27,106,7,250.45,Omicron,Velonia,24
161,2025-05-18,49,163,7,441.34,Xandar,Kryptor,27
162,2024-02-02,20,37,4,141.6,Velonia,Galador,22
163,2024-12-08,27,180,1,403.94,Omicron,Xandar,25
164,2025-05-11,17,132,6,128.89,Kryptor,Erebus,27
165,2024-01-02,99,95,5,351.32,Velonia,Galador,15
166,2023-11-29,4,178,4,334.69,Xandar,Velonia,15
167,2024-09-25,43,22,1,37.09,Zycron,Galador,5
168,2024-12-21,89,148,9,391.81,Zycron,Galador,3
169,2024-01-03,44,85,3,433.32,Xandar,Velonia,26
170,2025-01-17,55,102,6,194.11,Velonia,Kryptor,10
171,2024-07-02,57,40,6,441.86,Kryptor,Zycron,29
172,2023-11-05,9,97,7,302.69,Nubaria,Zycron,4
173,2024-01-31,32,197,5,245.21,Kryptor,Velonia,17
174,2024-03-17,45,144,6,321.5,Erebus,Xandar,8
175,2023-12-19,64,198,8,484.97,Galador,Omicron,9
176,2023-09-12,27,59,5,100.09,Zycron,Nubaria,5
177,2024-11-22,6,8,7,112.08,Velonia,Kryptor,14
178,2024-05-05,21,193,8,458.57,Omicron,Galador,4
179,2025-07-06,45,5,7,201.82,Xandar,Galador,3
180,2024-12-24,47,156,4,288.67,Galador,Xandar,20
181,2024-08-12,71,20,2,128.08,Erebus,Galador,21
182,2023-11-22,29,199,2,172.71,Zycron,Kryptor,10
183,2025-05-05,84,104,2,238.96,Velonia,Kryptor,12
184,2024-10-06,78,198,2,252.69,Galador,Nubaria,17
185,2024-04-08,65,136,5,235.55,Erebus,Zycron,18
186,2024-07-21,99,119,1,123.96,Zycron,Zycron,3
187,2023-12-11,95,41,2,329.94,Nubaria,Erebus,29
188,2025-06-02,31,84,8,461.93,Omicron,Galador,8
189,2024-01-12,1,196,4,318.52,Erebus,Velonia,17
190,2025-03-26,52,5,3,456.6,Omicron,Nubaria,1
191,2024-07-10,78,144,5,231.11,Nubaria,Kryptor,12
192,2024-03-30,9,128,4,198.52,Galador,Galador,3
193,2025-01-04,17,8,9,427.61,Galador,Galador,28
194,2023-09-09,64,116,4,478.38,Kryptor,Xandar,4
195,2023-12-30,24,126,8,445.71,Erebus,Galador,24
196,2024-11-24,54,18,4,228.86,Galador,Xandar,13
197,2024-07-03,61,125,8,402.89,Nubaria,Nubaria,23
198,2024-08-27,68,140,1,360.82,Kryptor,Zycron,8
199,2024-04-24,94,102,5,193.37,Nubaria,Velonia,25
200,2024-05-25,39,30,9,275.46,Galador,Velonia,15
201,2024-01-16,44,69,5,130.92,Kryptor,Zycron,29
202,2024-09-14,64,37,2,35.22,Xandar,Nubaria,20
203,2023-12-02,19,36,8,223.94,Velonia,Erebus,1
204,2024-12-08,80,62,7,53.25,Zycron,Zycron,2
205,2024-12-22,23,101,6,470.08,Xandar,Erebus,11
206,2023-10-02,46,102,6,17.94,Nubaria,Omicron,27
207,2024-09-23,24,99,6,93.35,Kryptor,Galador,29
208,2023-08-25,52,125,8,197.54,Xandar,Galador,7
209,2023-10-30,35,79,1,216.9,Xandar,Zycron,26
210,2024-05-31,18,32,8,25.81,Nubaria,Nubaria,21
211,2024-05-26,48,195,5,247.0,Omicron,Velonia,16
212,2024-08-05,37,124,4,114.26,Erebus,Erebus,8
213,2024-05-28,59,32,6,487.1,Omicron,Xandar,20
214,2025-05-02,41,148,3,81.63,Zycron,Omicron,9
215,2023-07-24,79,37,9,290.22,Omicron,Erebus,6
216,2024-11-13,36,108,7,219.78,Nubaria,Zycron,4
217,2023-08-06,19,127,2,138.31,Omicron,Nubaria,16
218,2023-07-26,69,144,8,460.51,Kryptor,Kryptor,12
219,2025-04-15,44,30,3,77.12,Galador,Nubaria,9
220,2025-05-20,35,5,6,257.94,Kryptor,Erebus,14
221,2024-01-14,84,61,3,222.47,Erebus,Xandar,4
222,2024-12-08,93,8,5,416.45,Xandar,Xandar,6
223,2024-08-15,97,95,7,345.93,Erebus,Nubaria,1
224,2025-05-12,66,199,8,436.03,Nubaria,Velonia,4
225,2023-11-28,11,38,2,52.19,Velonia,Omicron,4
226,2025-03-23,45,195,3,101.17,Omicron,Omicron,29
227,2025-03-09,94,174,8,223.84,Velonia,Xandar,9
228,2024-09-16,49,1,4,162.21,Nubaria,Nubaria,6
229,2024-01-29,30,164,3,430.87,Zycron,Kryptor,21
230,2024-06-28,56,199,3,264.03,Zycron,Omicron,6
231,2024-11-06,10,176,3,135.0,Omicron,Nubaria,20
232,2023-10-09,91,108,4,436.79,Erebus,Zycron,14
233,2025-05-11,80,16,1,236.14,Erebus,Xandar,21
234,2023-11-25,33,11,7,274.53,Velonia,Zycron,13
235,2024-12-10,82,192,5,12.05,Nubaria,Galador,15
236,2024-07-02,69,82,1,25.38,Erebus,Kryptor,9
237,2025-06-09,76,9,9,20.49,Xandar,Galador,12
238,2025-05-28,77,54,7,83.29,Erebus,Galador,28
239,2025-05-22,21,13,1,324.37,Kryptor,Erebus,10
240,2024-08-13,33,163,8,419.09,Kryptor,Erebus,8
241,2023-11-08,47,78,9,382.42,Xandar,Nubaria,29
242,2024-09-30,24,92,3,230.25,Galador,Erebus,22
243,2025-06-14,86,109,5,55.6,Kryptor,Velonia,15
244,2023-10-12,26,61,2,302.46,Galador,Xandar,19
245,2024-10-04,16,4,8,414.89,Xandar,Galador,17
246,2024-04-22,66,25,1,379.31,Nubaria,Galador,13
247,2024-11-07,5,70,1,290.91,Nubaria,Erebus,26
248,2025-05-17,41,123,6,467.04,Velonia,Kryptor,11
249,2024-11-10,45,46,1,305.69,Zycron,Omicron,20
250,2024-05-24,98,47,1,76.79,Nubaria,Kryptor,16
251,2023-08-17,23,133,1,88.73,Galador,Erebus,22
252,2024-07-29,38,123,4,283.52,Zycron,Xandar,18
253,2024-05-06,72,45,3,19.55,Omicron,Kryptor,20
254,2024-08-08,91,20,1,481.88,Kryptor,Zycron,6
255,2024-02-19,95,43,3,446.44,Galador,Erebus,5
256,2025-01-20,98,115,1,460.22,Zycron,Erebus,18
257,2023-11-11,100,157,7,266.94,Galador,Xandar,2
258,2023-07-29,85,47,4,425.21,Galador,Nubaria,29
259,2025-07-12,5,13,8,408.76,Nubaria,Erebus,8
260,2025-02-28,47,41,9,494.49,Erebus,Galador,21
261,2025-01-15,65,44,6,172.89,Omicron,Erebus,12
262,2024-05-03,31,117,4,489.54,Galador,Xandar,26
263,2024-09-25,86,153,5,376.35,Xandar,Kryptor,2
264,2023-12-18,12,91,1,274.14,Galador,Nubaria,27
265,2025-01-06,5,2,7,275.93,Nubaria,Omicron,15
266,2023-09-08,70,123,4,195.43,Xandar,Kryptor,2
267,2023-12-24,21,169,4,88.55,Erebus,Kryptor,15
268,2023-09-05,61,4,9,494.48,Galador,Velonia,9
269,2024-05-16,72,168,8,297.92,Zycron,Galador,23
270,2025-07-15,81,13,4,374.4,Zycron,Xandar,28
271,2024-10-19,99,103,6,287.81,Galador,Zycron,2
272,2024-03-27,70,171,7,422.61,Velonia,Zycron,13
273,2025-01-07,89,76,9,453.83,Erebus,Galador,11
274,2023-09-08,69,162,7,32.84,Zycron,Erebus,14
275,2025-05-27,72,185,3,90.78,Galador,Nubaria,4
276,2024-04-10,80,153,5,142.34,Galador,Zycron,11
277,2023-09-01,58,130,9,47.15,Zycron,Nubaria,26
278,2023-08-24,64,46,6,132.42,Galador,Erebus,9
279,2024-10-21,41,46,8,154.88,Velonia,Omicron,25
280,2024-11-23,57,44,2,367.84,Kryptor,Omicron,5
281,2024-09-14,17,54,9,473.25,Erebus,Velonia,7
282,2023-08-26,19,192,4,164.31,Zycron,Galador,18
283,2024-10-11,53,116,8,93.25,Galador,Xandar,5
284,2024-01-18,23,158,1,275.08,Kryptor,Kryptor,17
285,2025-05-10,44,143,7,298.01,Kryptor,Velonia,12
286,2024-07-18,26,21,6,32.42,Omicron,Zycron,4
287,2025-07-10,60,75,3,403.02,Erebus,Kryptor,27
288,2024-05-30,12,25,7,277.25,Velonia,Nubaria,2
289,2023-09-06,12,77,1,436.64,Xandar,Velonia,15
290,2025-02-24,25,152,5,363.68,Nubaria,Nubaria,28
291,2025-03-03,64,94,9,55.0,Erebus,Velonia,9
292,2024-01-26,25,171,4,458.93,Kryptor,Erebus,17
293,2024-10-19,71,111,6,68.35,Velonia,Velonia,8
294,2023-12-27,35,34,5,169.66,Velonia,Zycron,28
295,2023-12-11,19,153,8,385.83,Nubaria,Xandar,5
296,2025-02-22,62,125,9,232.39,Kryptor,Kryptor,23
297,2024-09-19,58,94,9,246.53,Nubaria,Galador,1
298,2024-11-13,54,49,8,400.54,Zycron,Zycron,5
299,2025-02-06,70,155,4,189.09,Zycron,Omicron,21
300,2024-08-26,36,59,9,239.9,Galador,Kryptor,13
301,2024-06-04,9,193,1,184.38,Velonia,Erebus,9
302,2023-12-20,71,168,8,172.92,Omicron,Omicron,1
303,2025-06-11,25,47,7,12.02,Zycron,Galador,24
304,2025-01-15,89,193,1,21.34,Zycron,Kryptor,28
305,2024-07-09,30,154,1,317.14,Omicron,Velonia,25
306,2025-03-20,69,85,9,322.86,Zycron,Erebus,13
307,2025-04-26,10,11,8,196.27,Velonia,Kryptor,24
308,2025-03-28,3,78,5,334.69,Velonia,Galador,24
309,2023-10-23,58,79,9,493.64,Velonia,Kryptor,21
310,2023-08-25,21,2,8,425.58,Velonia,Erebus,29
311,2025-06-21,39,44,7,434.17,Zycron,Omicron,14
312,2024-08-21,89,197,8,269.25,Omicron,Nubaria,13
313,2023-08-30,85,183,1,95.25,Kryptor,Kryptor,19
314,2025-06-26,9,51,3,179.66,Omicron,Omicron,10
315,2024-07-14,73,84,5,390.84,Omicron,Omicron,19
316,2024-01-09,12,51,9,36.03,Xandar,Zycron,15
317,2025-01-19,7,174,4,23.48,Velonia,Omicron,25
318,2024-12-02,67,189,8,177.73,Nubaria,Velonia,16
319,2025-05-20,96,197,8,359.36,Kryptor,Xandar,21
320,2024-08-12,61,113,1,378.25,Zycron,Zycron,6
321,2023-12-10,69,4,3,386.18,Galador,Erebus,10
322,2023-12-22,43,195,5,132.86,Erebus,Omicron,17
323,2025-05-17,54,161,6,334.91,Nubaria,Velonia,2
324,2025-02-26,27,152,5,315.15,Xandar,Nubaria,13
325,2024-05-06,27,135,7,323.66,Nubaria,Omicron,17
326,2025-01-10,76,163,8,439.73,Velonia,Kryptor,6
327,2025-01-25,8,76,3,149.86,Velonia,Kryptor,17
328,2023-09-01,12,77,4,334.43,Velonia,Xandar,9
329,2024-02-04,54,150,8,405.05,Omicron,Galador,8
330,2023-12-18,27,100,1,360.41,Kryptor,Velonia,11
331,2024-07-16,75,158,9,48.95,Xandar,Erebus,10
332,2024-02-19,33,133,3,219.49,Nubaria,Erebus,25
333,2024-01-09,5,167,7,318.28,Omicron,Xandar,15
334,2024-10-02,58,76,7,337.58,Erebus,Velonia,21
335,2024-11-18,1,70,3,271.88,Xandar,Kryptor,14
336,2023-07-28,71,1,4,197.95,Xandar,Zycron,8
337,2024-05-27,86,58,5,217.98,Kryptor,Velonia,21
338,2023-08-20,63,189,1,187.46,Erebus,Erebus,3
339,2024-06-09,54,76,8,87.67,Galador,Galador,26
340,2024-08-01,78,152,4,352.2,Omicron,Xandar,11
341,2025-02-05,70,192,2,40.21,Erebus,Xandar,2
342,2024-06-20,67,168,8,139.4,Nubaria,Xandar,23
343,2024-06-08,58,135,7,106.32,Kryptor,Kryptor,19
344,2024-07-18,52,187,1,137.79,Nubaria,Kryptor,12
345,2025-02-06,4,7,7,335.45,Kryptor,Kryptor,15
346,2023-10-17,100,36,3,265.65,Erebus,Galador,23
347,2024-04-14,58,1,7,252.15,Velonia,Omicron,20
348,2024-05-26,45,125,9,479.12,Omicron,Zycron,9
349,2023-08-28,94,6,3,147.22,Xandar,Kryptor,9
350,2023-07-31,97,78,7,470.19,Xandar,Erebus,7
351,2023-11-29,52,55,4,267.1,Nubaria,Zycron,11
352,2025-05-16,36,133,4,87.93,Velonia,Nubaria,29
353,2024-10-15,28,151,2,257.08,Kryptor,Kryptor,19
354,2025-01-14,18,181,2,292.96,Zycron,Zycron,6
355,2024-03-07,6,134,6,294.73,Zycron,Kryptor,12
356,2024-05-16,8,4,4,178.75,Kryptor,Zycron,28
357,2025-06-09,71,133,2,127.95,Kryptor,Nubaria,9
358,2024-07-20,56,99,4,246.21,Zycron,Omicron,18
359,2025-01-24,60,74,9,180.22,Zycron,Nubaria,21
360,2025-04-19,91,12,6,149.86,Xandar,Xandar,19
361,2025-03-19,6,84,4,495.23,Zycron,Nubaria,24
362,2024-08-14,80,143,5,65.57,Velonia,Nubaria,24
363,2024-11-19,1,168,1,352.17,Erebus,Galador,4
364,2024-06-10,60,100,7,57.68,Galador,Velonia,7
365,2024-10-12,18,43,5,422.28,Xandar,Velonia,7
366,2025-05-18,98,118,3,486.06,Erebus,Galador,1
367,2024-09-16,20,180,8,58.15,Galador,Velonia,11
368,2024-04-21,12,188,2,239.74,Erebus,Kryptor,22
369,2023-08-24,46,147,7,392.73,Kryptor,Erebus,6
370,2024-08-26,16,196,8,482.12,Nubaria,Galador,12
371,2023-08-24,94,173,4,121.33,Kryptor,Erebus,20
372,2024-06-29,84,119,5,72.85,Omicron,Nubaria,8
373,2024-08-05,23,71,7,371.4,Zycron,Velonia,14
374,2025-07-04,7,194,8,149.32,Kryptor,Xandar,24
375,2023-08-23,64,13,6,248.85,Xandar,Kryptor,10
376,2023-12-21,91,92,7,129.28,Nubaria,Omicron,28
377,2024-04-23,17,157,4,96.76,Omicron,Nubaria,20
378,2025-02-28,68,94,8,325.3,Omicron,Omicron,5
379,2023-11-11,88,34,2,377.53,Nubaria,Nubaria,21
380,2024-11-05,34,144,8,27.59,Velonia,Kryptor,21
381,2024-07-24,90,87,5,408.93,Velonia,Xandar,20
382,2025-05-23,95,25,1,313.29,Nubaria,Kryptor,9
383,2024-09-15,22,140,9,475.84,Erebus,Kryptor,14
384,2025-05-23,78,123,9,71.18,Zycron,Erebus,28
385,2023-10-24,61,174,1,402.33,Nubaria,Velonia,23
386,2023-10-29,56,191,3,324.38,Erebus,Kryptor,11
387,2023-07-30,43,110,3,462.4,Zycron,Erebus,12
388,2023-07-20,41,130,4,126.78,Xandar,Velonia,18
389,2023-10-22,69,14,2,156.04,Xandar,Xandar,28
390,2024-04-12,70,66,3,268.02,Omicron,Galador,22
391,2025-07-14,85,3,4,278.14,Galador,Erebus,13
392,2025-04-11,34,102,2,485.94,Galador,Velonia,5
393,2024-01-05,68,19,8,342.58,Xandar,Velonia,24
394,2025-05-12,26,171,7,18.8,Zycron,Galador,5
395,2024-10-30,6,162,4,494.15,Velonia,Galador,15
396,2024-05-24,43,90,6,207.2,Kryptor,Erebus,9
397,2025-03-10,74,172,1,306.57,Erebus,Omicron,27
398,2025-07-03,16,44,6,420.57,Galador,Erebus,24
399,2024-08-05,64,183,9,395.15,Galador,Xandar,8
400,2025-03-08,55,182,2,39.06,Kryptor,Erebus,2
401,2024-05-22,27,114,5,231.61,Velonia,Nubaria,26
402,2025-04-22,17,143,4,82.04,Kryptor,Erebus,9
403,2024-10-08,68,15,3,287.64,Xandar,Kryptor,18
404,2024-10-01,15,146,6,352.75,Xandar,Nubaria,6
405,2024-03-23,100,158,6,59.62,Zycron,Galador,18
406,2025-05-31,92,63,2,293.78,Xandar,Zycron,8
407,2024-09-12,70,27,1,38.85,Galador,Xandar,3
408,2023-08-08,6,119,1,239.38,Erebus,Kryptor,13
409,2024-08-02,78,54,5,284.7,Erebus,Nubaria,24
410,2024-06-16,31,84,3,431.68,Xandar,Galador,14
411,2024-02-08,37,148,1,341.54,Velonia,Galador,25
412,2025-01-30,35,27,5,171.21,Zycron,Galador,24
413,2024-10-13,43,135,2,42.93,Omicron,Nubaria,2
414,2025-06-19,70,173,4,218.62,Erebus,Kryptor,16
415,2025-05-15,42,29,2,105.96,Nubaria,Zycron,29
416,2023-10-24,91,91,1,199.16,Erebus,Galador,5
417,2024-05-06,50,72,5,297.87,Xandar,Nubaria,6
418,2024-01-25,27,20,7,127.46,Omicron,Galador,7
419,2024-06-11,17,193,8,28.21,Erebus,Erebus,7
420,2024-01-12,100,131,5,255.56,Kryptor,Erebus,3
421,2025-06-07,73,34,2,142.25,Galador,Galador,10
422,2024-07-07,61,5,9,336.97,Nubaria,Nubaria,19
423,2023-11-16,58,137,8,236.6,Kryptor,Omicron,16
424,2025-04-16,84,78,9,162.94,Erebus,Nubaria,11
425,2024-01-24,58,80,9,393.17,Kryptor,Kryptor,16
426,2023-12-26,99,62,7,413.7,Velonia,Nubaria,18
427,2024-10-24,70,31,9,37.01,Xandar,Omicron,6
428,2024-11-14,94,8,8,271.46,Velonia,Erebus,8
429,2024-01-17,80,140,5,325.94,Xandar,Xandar,20
430,2024-08-24,35,16,4,349.31,Galador,Omicron,13
431,2024-11-11,58,15,5,419.79,Omicron,Kryptor,3
432,2024-08-01,15,114,6,454.68,Omicron,Zycron,18
433,2024-01-18,84,11,5,458.39,Nubaria,Nubaria,24
434,2025-07-08,85,58,1,306.85,Zycron,Kryptor,20
435,2024-12-01,30,110,7,226.46,Velonia,Nubaria,16
436,2024-06-20,53,72,1,452.37,Nubaria,Galador,16
437,2024-07-01,44,57,7,475.72,Velonia,Galador,19
438,2025-02-15,90,180,6,97.4,Erebus,Galador,10
439,2023-08-12,27,136,1,408.45,Xandar,Erebus,27
440,2024-06-24,93,196,1,297.07,Velonia,Erebus,3
441,2024-06-19,76,20,8,106.42,Nubaria,Velonia,1
442,2023-12-21,46,52,3,90.72,Nubaria,Erebus,26
443,2025-01-20,27,99,5,348.7,Nubaria,Omicron,24
444,2024-06-18,72,133,7,150.21,Erebus,Zycron,7
445,2023-07-25,24,187,8,22.97,Xandar,Nubaria,12
446,2023-11-04,99,13,8,111.15,Galador,Kryptor,7
447,2024-01-29,34,136,5,142.29,Galador,Erebus,4
448,2025-03-16,56,191,6,58.54,Zycron,Velonia,13
449,2024-10-26,91,49,2,344.96,Xandar,Nubaria,20
450,2023-11-14,50,57,8,403.82,Velonia,Kryptor,20
451,2023-10-29,1,116,7,297.79,Omicron,Kryptor,11
452,2025-01-20,60,16,1,363.33,Kryptor,Galador,12
453,2023-10-08,3,75,8,475.61,Erebus,Xandar,15
454,2024-12-06,19,175,9,123.94,Velonia,Nubaria,12
455,2023-12-12,65,66,2,297.55,Zycron,Erebus,3
456,2024-12-26,66,193,8,199.43,Xandar,Galador,6
457,2024-06-10,87,2,9,252.86,Kryptor,Nubaria,15
458,2023-10-20,18,103,2,47.51,Xandar,Velonia,5
459,2023-09-05,78,50,3,194.51,Xandar,Galador,12
460,2023-10-10,59,150,1,239.1,Galador,Galador,26
461,2023-11-28,23,50,1,31.23,Zycron,Xandar,17
462,2025-03-21,15,198,2,137.36,Erebus,Omicron,21
463,2024-12-27,76,75,1,284.54,Omicron,Kryptor,6
464,2024-05-07,2,127,7,25.9,Xandar,Galador,25
465,2024-07-11,83,6,1,77.61,Nubaria,Xandar,10
466,2024-12-26,39,9,1,271.7,Zycron,Zycron,18
467,2025-04-11,36,20,3,398.61,Galador,Erebus,11
468,2024-04-21,50,5,4,13.86,Xandar,Erebus,15
469,2023-07-23,22,192,9,180.02,Erebus,Galador,8
470,2024-04-17,64,167,5,250.76,Kryptor,Nubaria,10
471,2024-07-02,55,98,1,465.73,Velonia,Erebus,24
472,2023-10-12,71,41,3,46.6,Kryptor,Omicron,1
473,2023-07-24,75,17,5,310.37,Nubaria,Xandar,22
474,2024-12-28,88,24,2,313.87,Velonia,Xandar,16
475,2023-12-02,92,63,1,226.74,Galador,Kryptor,24
476,2024-08-14,3,136,2,392.0,Velonia,Nubaria,29
477,2023-11-21,72,87,4,409.88,Zycron,Velonia,8
478,2023-10-28,4,102,8,87.29,Omicron,Zycron,7
479,2024-10-10,27,2,1,51.84,Omicron,Erebus,25
480,2025-02-24,90,16,4,26.9,Kryptor,Velonia,5
481,2023-11-06,59,88,3,120.72,Omicron,Galador,25
482,2024-07-27,73,193,9,325.39,Kryptor,Nubaria,10
483,2025-03-26,100,143,3,345.38,Erebus,Xandar,12
484,2024-05-18,11,3,7,340.46,Erebus,Zycron,12
485,2024-05-04,42,82,3,267.12,Velonia,Velonia,13
486,2023-07-17,67,33,9,339.81,Velonia,Erebus,12
487,2024-08-26,80,179,3,97.96,Xandar,Nubaria,21
488,2024-09-29,86,44,6,65.87,Erebus,Xandar,15
489,2024-03-16,21,132,5,460.21,Zycron,Kryptor,25
490,2024-06-25,32,112,9,106.53,Zycron,Velonia,16
491,2023-10-28,24,47,7,130.67,Velonia,Velonia,12
492,2024-01-21,31,91,6,177.0,Kryptor,Erebus,10
493,2024-01-28,27,41,9,70.42,Erebus,Xandar,27
494,2023-12-27,95,125,7,244.12,Zycron,Velonia,5
495,2023-11-02,30,53,2,71.6,Xandar,Omicron,24
496,2023-09-01,89,149,3,344.03,Erebus,Zycron,26
497,2025-02-11,80,86,9,63.19,Erebus,Velonia,25
498,2024-08-16,93,84,3,131.74,Galador,Omicron,13
499,2025-04-25,27,130,5,425.8,Xandar,Nubaria,19
500,2023-08-06,40,165,7,333.97,Xandar,Velonia,14
501,2023-08-10,14,7,1,238.69,Erebus,Velonia,7
502,2024-01-24,50,12,2,127.91,Galador,Omicron,11
503,2023-08-08,75,71,1,315.96,Zycron,Omicron,3
504,2025-01-10,6,181,9,464.44,Omicron,Velonia,26
505,2024-03-20,6,169,8,454.09,Velonia,Omicron,19
506,2023-07-17,44,76,8,106.33,Erebus,Velonia,21
507,2024-09-28,5,75,7,90.87,Galador,Kryptor,2
508,2024-04-27,27,147,1,159.21,Nubaria,Xandar,22
509,2023-07-25,80,47,3,21.21,Zycron,Erebus,29
510,2025-02-02,26,194,8,88.43,Xandar,Galador,2
511,2025-05-31,41,42,2,159.87,Velonia,Zycron,28
512,2024-04-10,61,149,7,485.08,Zycron,Zycron,28
513,2025-03-09,14,170,6,37.38,Erebus,Omicron,21
514,2023-11-17,15,17,3,417.94,Omicron,Erebus,13
515,2025-04-17,44,71,1,34.92,Omicron,Velonia,24
516,2024-07-24,62,170,2,38.39,Zycron,Velonia,24
517,2023-08-26,62,80,4,369.91,Kryptor,Velonia,4
518,2023-12-03,48,195,2,174.47,Kryptor,Xandar,17
519,2025-02-06,17,45,6,302.44,Omicron,Erebus,16
520,2025-01-22,88,117,2,20.51,Velonia,Galador,21
521,2024-12-15,38,175,1,69.5,Erebus,Kryptor,13
522,2023-10-16,85,163,3,86.1,Velonia,Galador,18
523,2025-01-23,31,144,3,464.29,Omicron,Zycron,9
524,2023-09-18,52,193,3,127.4,Xandar,Kryptor,3
525,2024-08-29,28,45,2,143.45,Nubaria,Galador,29
526,2025-03-15,94,83,6,164.37,Xandar,Velonia,29
527,2024-03-03,2,125,5,374.19,Nubaria,Erebus,25
528,2024-11-17,4,94,4,299.18,Xandar,Galador,11
529,2024-01-03,9,69,9,484.93,Zycron,Galador,7
530,2024-12-24,10,103,9,57.73,Zycron,Velonia,21
531,2024-02-12,33,11,4,248.94,Velonia,Kryptor,1
532,2024-08-11,85,183,7,264.96,Omicron,Nubaria,12
533,2023-10-03,65,120,7,53.46,Erebus,Nubaria,29
534,2025-04-05,13,147,2,189.87,Zycron,Erebus,27
535,2024-10-21,45,172,6,360.67,Omicron,Zycron,13
536,2025-06-22,41,85,9,299.9,Velonia,Nubaria,2
537,2024-08-13,95,59,6,325.14,Velonia,Omicron,3
538,2024-06-02,80,150,3,373.62,Zycron,Xandar,10
539,2023-10-09,78,49,7,133.5,Erebus,Erebus,26
540,2023-10-18,21,6,9,191.12,Nubaria,Erebus,24
541,2024-04-25,46,43,9,155.11,Nubaria,Kryptor,2
542,2025-03-20,21,172,3,480.34,Velonia,Erebus,26
543,2024-10-08,31,66,4,91.59,Kryptor,Omicron,16
544,2024-11-27,52,45,5,187.73,Nubaria,Omicron,27
545,2023-08-06,61,198,8,41.43,Zycron,Zycron,28
546,2025-03-26,29,130,3,359.89,Galador,Galador,12
547,2023-07-22,1,110,8,348.97,Xandar,Velonia,17
548,2025-05-09,86,108,6,47.01,Nubaria,Nubaria,21
549,2024-08-29,61,36,5,286.63,Velonia,Xandar,1
550,2023-11-26,87,26,2,494.31,Omicron,Kryptor,9
551,2024-08-25,9,134,6,460.37,Kryptor,Omicron,7
552,2024-02-19,16,103,1,481.47,Velonia,Xandar,23
553,2024-10-07,43,15,6,370.84,Xandar,Kryptor,13
554,2023-09-15,27,71,1,306.28,Zycron,Erebus,11
555,2024-04-07,59,81,4,64.47,Zycron,Zycron,14
556,2025-06-20,63,37,6,418.05,Erebus,Zycron,7
557,2023-11-24,4,197,6,258.83,Xandar,Omicron,28
558,2023-11-30,54,148,9,143.71,Omicron,Galador,26
559,2024-03-07,65,97,7,236.41,Galador,Galador,11
560,2024-05-29,85,53,4,66.09,Erebus,Galador,24
561,2024-04-15,43,99,6,454.87,Kryptor,Omicron,12
562,2023-11-08,22,123,2,36.37,Xandar,Velonia,13
563,2023-09-08,32,7,6,430.29,Galador,Xandar,4
564,2025-02-20,19,44,4,97.71,Galador,Omicron,26
565,2024-06-09,29,146,8,150.31,Erebus,Kryptor,18
566,2024-03-26,95,83,7,493.67,Velonia,Velonia,25
567,2024-07-22,34,104,5,188.59,Xandar,Velonia,17
568,2024-03-28,75,19,3,189.92,Velonia,Kryptor,20
569,2024-08-22,13,79,4,454.56,Zycron,Xandar,1
570,2025-05-24,22,76,7,264.79,Omicron,Kryptor,15
571,2023-10-17,2,181,6,184.17,Omicron,Erebus,14
572,2023-08-24,26,162,6,90.17,Omicron,Galador,27
573,2023-12-25,51,82,3,457.56,Xandar,Omicron,2
574,2023-11-21,70,24,4,390.8,Erebus,Velonia,6
575,2024-08-19,87,135,9,86.14,Nubaria,Kryptor,4
576,2024-12-17,85,186,7,294.95,Omicron,Zycron,17
577,2024-08-11,26,114,4,127.46,Xandar,Zycron,10
578,2024-07-09,11,147,1,432.48,Galador,Velonia,18
579,2024-01-31,30,140,9,357.72,Nubaria,Kryptor,1
580,2025-05-14,49,29,9,81.71,Nubaria,Galador,8
581,2024-03-03,51,125,3,234.41,Kryptor,Erebus,2
582,2024-08-09,4,167,2,446.65,Galador,Galador,28
583,2023-11-22,70,156,3,23.51,Erebus,Velonia,29
584,2023-09-18,22,160,7,333.34,Xandar,Nubaria,24
585,2024-03-30,73,188,8,177.74,Xandar,Zycron,6
586,2024-11-05,67,6,5,73.12,Velonia,Galador,4
587,2024-04-12,4,36,1,19.58,Erebus,Zycron,7
588,2024-12-12,99,193,1,322.5,Galador,Erebus,6
589,2025-01-03,56,134,3,211.64,Erebus,Erebus,23
590,2024-01-12,70,174,6,174.46,Kryptor,Omicron,27
591,2024-09-25,14,118,4,64.3,Omicron,Galador,14
592,2024-04-20,93,63,3,159.26,Xandar,Velonia,27
593,2025-03-11,91,157,1,402.32,Velonia,Erebus,1
594,2023-09-28,77,18,6,267.45,Omicron,Velonia,11
595,2025-01-09,94,140,6,352.83,Omicron,Erebus,17
596,2024-09-29,16,159,2,317.89,Nubaria,Zycron,28
597,2023-12-17,9,124,8,491.07,Xandar,Galador,27
598,2023-10-19,64,92,5,307.49,Velonia,Zycron,25
599,2024-11-12,52,132,1,375.81,Velonia,Xandar,2
600,2025-03-13,91,130,6,59.5,Zycron,Omicron,1
601,2025-02-14,85,67,3,411.79,Zycron,Kryptor,10
602,2025-02-09,64,54,1,273.37,Velonia,Erebus,24
603,2025-01-20,9,3,8,122.1,Velonia,Zycron,22
604,2024-01-25,98,86,7,229.75,Xandar,Velonia,11
605,2024-03-20,34,55,3,220.61,Erebus,Galador,29
606,2024-04-03,29,43,3,388.6,Zycron,Nubaria,14
607,2025-01-30,61,152,2,492.03,Omicron,Velonia,14
608,2024-05-20,30,58,2,276.18,Galador,Erebus,28
609,2023-08-05,4,120,2,241.63,Kryptor,Xandar,18
610,2025-03-27,33,155,1,120.99,Galador,Nubaria,28
611,2024-08-12,4,70,1,157.03,Erebus,Nubaria,7
612,2025-03-19,4,170,2,365.61,Omicron,Zycron,21
613,2024-10-14,14,37,1,152.36,Velonia,Galador,13
614,2024-12-26,89,160,9,447.53,Velonia,Nubaria,6
615,2025-01-19,11,152,7,486.91,Zycron,Nubaria,25
616,2023-10-15,94,135,2,251.05,Xandar,Nubaria,18
617,2024-11-16,24,71,3,306.47,Galador,Nubaria,13
618,2024-01-02,77,181,7,19.58,Erebus,Xandar,11
619,2024-03-07,24,79,3,223.27,Xandar,Erebus,1
620,2024-03-23,3,30,8,314.68,Zycron,Erebus,25
621,2024-08-31,8,179,5,247.81,Erebus,Zycron,2
622,2024-10-17,63,51,2,120.33,Nubaria,Omicron,26
623,2025-07-11,92,61,5,205.36,Nubaria,Kryptor,7
624,2024-09-03,59,48,5,32.42,Erebus,Galador,21
625,2024-10-24,55,111,2,34.01,Omicron,Omicron,7
626,2024-03-15,41,40,3,173.96,Zycron,Kryptor,16
627,2023-12-17,38,52,7,47.58,Erebus,Kryptor,4
628,2023-09-28,51,184,2,243.77,Velonia,Galador,15
629,2024-01-14,77,86,3,14.15,Galador,Xandar,25
630,2023-08-10,76,185,9,284.88,Xandar,Velonia,22
631,2023-07-21,67,9,1,494.7,Zycron,Velonia,24
632,2023-07-21,47,123,8,427.15,Zycron,Kryptor,28
633,2024-08-10,17,23,5,151.5,Velonia,Nubaria,7
634,2024-08-01,2,114,8,137.7,Galador,Galador,17
635,2024-04-13,73,60,8,362.74,Erebus,Xandar,21
636,2023-09-19,63,99,3,482.15,Kryptor,Xandar,10
637,2024-11-23,81,5,8,134.61,Velonia,Zycron,13
638,2023-11-27,70,42,1,358.27,Velonia,Xandar,24
639,2024-10-21,29,23,1,463.97,Kryptor,Nubaria,26
640,2024-12-04,69,85,5,170.82,Omicron,Velonia,29
641,2024-12-01,61,152,5,28.45,Kryptor,Galador,15
642,2024-06-18,70,191,3,346.37,Xandar,Zycron,5
643,2023-10-16,6,100,3,29.69,Zycron,Nubaria,17
644,2025-05-11,14,78,3,473.03,Erebus,Zycron,12
645,2023-10-23,91,21,4,327.08,Galador,Erebus,20
646,2024-03-07,15,146,8,383.34,Zycron,Zycron,28
647,2025-02-25,75,42,8,269.89,Zycron,Nubaria,13
648,2024-06-18,27,191,6,400.85,Kryptor,Velonia,19
649,2024-05-15,36,112,6,15.18,Nubaria,Zycron,8
650,2025-06-13,18,116,6,164.4,Omicron,Zycron,16
651,2025-01-31,30,177,7,439.63,Velonia,Galador,15
652,2023-09-23,39,31,8,462.65,Nubaria,Omicron,22
653,2023-12-08,98,77,6,350.93,Omicron,Erebus,29
654,2025-05-13,31,39,2,97.24,Kryptor,Omicron,2
655,2025-06-19,8,117,1,180.29,Velonia,Zycron,6
656,2023-09-20,47,63,9,223.86,Galador,Xandar,11
657,2023-07-27,52,128,1,352.48,Xandar,Omicron,28
658,2024-08-13,11,105,3,384.13,Nubaria,Velonia,19
659,2025-06-17,58,83,7,333.04,Kryptor,Xandar,23
660,2023-10-28,32,87,4,231.7,Kryptor,Kryptor,14
661,2025-02-14,98,55,9,363.28,Galador,Omicron,21
662,2024-11-11,72,101,4,338.96,Nubaria,Zycron,6
663,2024-03-10,62,31,5,208.01,Xandar,Omicron,12
664,2023-09-27,76,86,8,348.81,Xandar,Xandar,23
665,2024-11-28,45,43,5,497.7,Zycron,Kryptor,4
666,2025-05-01,3,84,9,72.27,Nubaria,Omicron,14
667,2024-04-05,1,107,6,267.93,Erebus,Galador,12
668,2024-11-08,32,125,5,316.03,Zycron,Zycron,25
669,2024-06-07,80,151,7,439.87,Erebus,Omicron,17
670,2025-02-10,76,57,9,397.58,Galador,Erebus,12
671,2024-09-26,57,79,4,227.29,Velonia,Kryptor,3
672,2025-05-26,37,27,1,246.79,Velonia,Kryptor,10
673,2024-04-04,63,156,8,71.8,Galador,Xandar,23
674,2025-05-19,22,46,9,63.46,Erebus,Omicron,23
675,2024-04-27,56,33,5,105.69,Galador,Galador,8
676,2024-06-22,98,59,2,329.1,Nubaria,Galador,4
677,2024-06-18,92,51,1,482.89,Velonia,Galador,22
678,2024-11-15,21,107,1,183.68,Velonia,Kryptor,17
679,2023-09-28,22,191,8,343.21,Zycron,Kryptor,5
680,2024-12-18,37,129,2,62.55,Velonia,Zycron,10
681,2024-02-13,36,167,8,144.47,Zycron,Kryptor,1
682,2025-03-28,60,18,2,405.73,Zycron,Zycron,9
683,2025-05-09,41,112,7,326.62,Kryptor,Galador,2
684,2025-01-03,63,31,8,30.02,Velonia,Xandar,1
685,2025-07-02,39,66,2,114.83,Galador,Velonia,16
686,2024-12-06,77,184,3,425.23,Kryptor,Kryptor,7
687,2024-06-16,70,164,3,330.06,Nubaria,Xandar,9
688,2025-04-24,54,194,8,244.26,Zycron,Erebus,8
689,2023-11-03,100,57,9,296.43,Omicron,Omicron,27
690,2024-08-15,28,124,8,220.81,Erebus,Zycron,28
691,2025-03-21,71,6,9,299.7,Omicron,Nubaria,29
692,2025-03-08,85,44,5,66.71,Galador,Xandar,7
693,2025-03-26,57,135,9,234.38,Xandar,Erebus,29
694,2023-09-16,51,68,5,257.25,Velonia,Nubaria,16
695,2024-06-07,56,129,1,405.27,Zycron,Erebus,22
696,2024-07-13,18,70,8,245.3,Xandar,Xandar,22
697,2025-04-14,42,85,9,181.33,Erebus,Galador,8
698,2025-02-27,42,50,9,298.65,Kryptor,Galador,4
699,2024-11-04,39,76,9,438.22,Omicron,Zycron,18
700,2023-07-30,28,162,8,380.75,Zycron,Velonia,4
701,2024-03-15,48,76,2,426.21,Galador,Omicron,26
702,2024-03-22,15,44,6,163.56,Xandar,Kryptor,16
703,2024-08-27,89,121,1,387.41,Xandar,Velonia,1
704,2025-03-17,74,149,1,311.54,Erebus,Omicron,5
705,2023-10-01,60,152,2,326.92,Nubaria,Erebus,9
706,2024-11-07,44,70,2,66.51,Velonia,Erebus,26
707,2023-10-20,58,85,6,371.11,Nubaria,Zycron,17
708,2024-02-01,64,177,8,24.72,Kryptor,Nubaria,11
709,2023-10-13,99,45,4,134.61,Kryptor,Zycron,26
710,2025-04-05,27,141,1,414.55,Erebus,Galador,3
711,2023-10-21,66,122,7,296.65,Velonia,Xandar,22
712,2024-12-22,55,51,9,50.55,Velonia,Erebus,25
713,2023-10-09,42,34,6,28.88,Erebus,Erebus,14
714,2024-11-03,50,41,7,181.75,Velonia,Omicron,18
715,2024-09-07,43,192,2,21.6,Omicron,Nubaria,11
716,2025-01-28,24,46,8,108.79,Zycron,Galador,4
717,2023-09-07,53,181,2,463.9,Galador,Omicron,5
718,2024-05-30,29,197,3,373.44,Erebus,Velonia,10
719,2024-12-25,91,172,7,152.83,Kryptor,Galador,2
720,2025-05-11,50,185,9,163.06,Kryptor,Nubaria,6
721,2024-09-24,29,167,4,248.1,Nubaria,Galador,26
722,2023-12-21,100,23,2,181.94,Kryptor,Erebus,12
723,2024-02-23,5,24,9,68.97,Erebus,Erebus,15
724,2024-04-02,50,148,8,15.3,Velonia,Omicron,10
725,2025-06-23,94,161,8,414.86,Xandar,Omicron,18
726,2024-10-06,7,58,6,310.68,Xandar,Kryptor,20
727,2025-04-21,92,78,5,384.68,Zycron,Galador,17
728,2023-11-23,54,134,6,56.34,Galador,Omicron,14
729,2023-10-25,98,148,3,475.84,Zycron,Velonia,9
730,2023-12-03,5,172,9,123.0,Velonia,Kryptor,15
731,2024-09-03,79,120,8,118.3,Erebus,Zycron,25
732,2023-08-13,39,30,3,440.17,Nubaria,Omicron,16
733,2025-05-29,67,47,5,190.08,Zycron,Nubaria,14
734,2023-12-20,73,23,3,175.73,Omicron,Velonia,20
735,2023-09-01,94,141,4,369.34,Galador,Galador,7
736,2024-06-30,49,94,5,401.82,Velonia,Xandar,4
737,2024-07-09,68,107,6,62.19,Velonia,Zycron,5
738,2024-02-06,43,37,8,136.65,Zycron,Erebus,24
739,2024-02-16,72,14,3,338.54,Velonia,Kryptor,7
740,2025-07-09,84,119,6,303.63,Galador,Omicron,4
741,2024-07-10,7,85,4,136.17,Zycron,Zycron,28
742,2024-01-01,43,27,4,216.58,Erebus,Galador,14
743,2024-09-01,29,174,8,173.2,Nubaria,Zycron,10
744,2023-10-25,74,12,1,236.49,Erebus,Omicron,11
745,2025-05-14,99,90,7,152.2,Nubaria,Velonia,27
746,2024-06-20,89,200,2,210.3,Galador,Galador,4
747,2025-07-12,25,192,7,399.88,Erebus,Velonia,20
748,2024-04-09,74,20,3,483.64,Velonia,Galador,17
749,2025-04-15,90,135,5,207.99,Velonia,Xandar,16
750,2024-04-07,15,160,2,400.29,Nubaria,Xandar,28
751,2025-06-10,85,172,2,357.21,Xandar,Kryptor,11
752,2024-03-29,26,33,8,244.77,Kryptor,Erebus,12
753,2024-03-19,82,171,7,132.69,Nubaria,Zycron,17
754,2024-07-05,62,5,3,424.13,Zycron,Xandar,21
755,2024-09-29,60,65,7,60.91,Velonia,Erebus,25
756,2023-12-17,16,96,1,144.08,Omicron,Galador,12
757,2024-07-06,96,61,7,491.53,Xandar,Erebus,1
758,2024-05-07,41,1,1,264.7,Erebus,Omicron,24
759,2024-05-07,20,134,3,29.94,Erebus,Galador,25
760,2023-11-26,25,192,2,59.78,Galador,Velonia,1
761,2024-11-27,40,52,8,239.57,Xandar,Galador,18
762,2024-05-28,73,17,2,472.17,Erebus,Erebus,8
763,2024-11-30,26,46,6,364.44,Nubaria,Xandar,16
764,2024-02-03,38,122,5,218.36,Omicron,Velonia,24
765,2025-06-25,93,163,2,461.52,Kryptor,Kryptor,21
766,2023-12-15,69,158,2,172.62,Xandar,Zycron,26
767,2024-02-13,93,177,6,197.1,Kryptor,Nubaria,25
768,2023-11-11,76,33,6,344.6,Galador,Erebus,13
769,2024-06-24,78,179,8,423.14,Kryptor,Omicron,11
770,2024-07-12,83,164,1,382.23,Nubaria,Velonia,22
771,2025-02-20,58,17,1,123.91,Nubaria,Velonia,14
772,2024-05-08,39,42,7,63.32,Kryptor,Xandar,26
773,2023-11-17,76,138,2,365.07,Kryptor,Omicron,18
774,2024-10-22,96,142,1,396.51,Zycron,Omicron,14
775,2025-01-29,19,37,4,302.11,Nubaria,Zycron,10
776,2024-04-30,46,2,9,286.36,Erebus,Velonia,20
777,2025-02-07,78,159,5,452.55,Erebus,Nubaria,29
778,2023-09-09,13,144,3,183.15,Omicron,Omicron,8
779,2024-11-10,4,195,9,164.29,Omicron,Velonia,6
780,2024-12-09,27,101,1,267.6,Kryptor,Velonia,25
781,2024-10-03,32,86,7,476.16,Galador,Nubaria,6
782,2024-01-08,67,51,2,161.15,Velonia,Erebus,21
783,2024-07-09,62,150,5,220.13,Erebus,Kryptor,24
784,2024-04-02,50,112,4,227.42,Nubaria,Velonia,8
785,2025-07-02,99,57,7,19.04,Velonia,Omicron,16
786,2023-09-12,43,55,7,214.47,Zycron,Omicron,21
787,2025-03-07,45,198,8,379.91,Zycron,Xandar,28
788,2025-03-11,71,20,6,329.43,Galador,Xandar,16
789,2025-02-02,70,119,4,294.49,Omicron,Zycron,4
790,2024-12-03,48,71,1,347.12,Galador,Xandar,3
791,2024-11-30,2,8,4,355.78,Zycron,Kryptor,12
792,2024-08-27,41,195,9,89.04,Kryptor,Xandar,22
793,2024-05-12,51,140,5,52.57,Zycron,Omicron,1
794,2025-01-20,94,41,2,36.29,Zycron,Xandar,8
795,2025-05-04,37,69,5,396.22,Zycron,Omicron,4
796,2025-04-12,25,17,6,182.67,Nubaria,Omicron,20
797,2025-04-15,51,104,2,195.29,Velonia,Zycron,5
798,2025-06-29,71,73,2,94.27,Galador,Zycron,24
799,2024-11-06,65,91,3,132.81,Omicron,Zycron,11
800,2024-11-02,11,128,7,318.15,Nubaria,Kryptor,26
801,2025-05-10,15,139,9,140.95,Nubaria,Kryptor,14
802,2025-04-22,14,49,4,377.05,Erebus,Omicron,20
803,2024-06-16,18,101,7,368.45,Erebus,Nubaria,24
804,2024-04-18,43,155,9,274.5,Zycron,Galador,2
805,2024-11-05,58,113,1,432.42,Nubaria,Kryptor,25
806,2023-12-25,28,81,1,207.36,Velonia,Erebus,2
807,2023-09-12,58,52,7,234.06,Kryptor,Omicron,22
808,2023-12-12,94,29,8,79.17,Kryptor,Galador,14
809,2024-09-17,6,180,9,125.35,Xandar,Kryptor,27
810,2024-10-06,18,135,2,316.37,Kryptor,Omicron,20
811,2023-10-07,62,60,1,108.35,Kryptor,Omicron,2
812,2023-10-17,40,196,4,91.67,Velonia,Erebus,11
813,2023-12-05,19,144,5,246.84,Velonia,Erebus,23
814,2024-04-22,86,68,2,238.43,Omicron,Omicron,16
815,2023-12-25,22,14,1,139.61,Omicron,Xandar,3
816,2024-09-09,68,137,3,344.38,Zycron,Galador,16
817,2023-11-15,94,67,5,246.21,Xandar,Erebus,18
818,2024-08-19,14,157,3,372.0,Erebus,Erebus,29
819,2024-01-24,25,192,5,429.02,Erebus,Omicron,27
820,2023-12-30,7,7,5,106.97,Zycron,Xandar,15
821,2024-08-15,28,199,9,320.92,Kryptor,Kryptor,8
822,2023-08-29,92,52,4,144.67,Xandar,Galador,9
823,2025-06-13,46,177,3,159.13,Kryptor,Zycron,6
824,2025-03-20,3,13,1,318.11,Erebus,Xandar,1
825,2025-04-18,100,107,8,16.19,Nubaria,Galador,13
826,2025-01-16,48,128,6,103.78,Zycron,Erebus,6
827,2025-06-18,56,63,9,405.91,Zycron,Zycron,29
828,2024-03-09,32,1,9,340.76,Galador,Nubaria,2
829,2025-01-22,43,42,8,115.99,Nubaria,Nubaria,25
830,2023-07-29,34,178,2,408.3,Erebus,Xandar,5
831,2024-02-18,16,145,9,391.36,Nubaria,Xandar,29
832,2024-03-21,6,1,5,36.49,Nubaria,Velonia,19
833,2024-08-31,6,122,5,203.43,Kryptor,Nubaria,24
834,2024-10-07,14,128,5,86.07,Xandar,Kryptor,6
835,2023-11-28,29,62,4,389.85,Erebus,Kryptor,8
836,2024-11-17,36,86,2,342.51,Erebus,Kryptor,26
837,2023-08-15,69,89,1,399.52,Erebus,Omicron,14
838,2024-09-02,57,23,2,312.07,Zycron,Kryptor,15
839,2025-03-23,82,87,8,270.74,Nubaria,Nubaria,21
840,2024-03-28,79,187,6,184.46,Zycron,Omicron,10
841,2025-01-13,57,169,4,399.66,Zycron,Velonia,18
842,2024-07-21,66,120,3,374.86,Kryptor,Nubaria,11
843,2024-05-26,90,5,5,181.3,Zycron,Zycron,9
844,2024-11-19,84,30,9,303.97,Galador,Nubaria,11
845,2023-12-30,71,174,6,223.3,Zycron,Galador,18
846,2024-01-30,36,77,5,454.69,Galador,Erebus,13
847,2024-03-13,56,103,9,257.09,Erebus,Galador,28
848,2023-11-03,63,117,6,19.45,Omicron,Erebus,18
849,2023-08-21,1,85,2,214.69,Galador,Erebus,9
850,2023-12-02,84,10,7,228.77,Nubaria,Kryptor,14
851,2025-02-25,98,110,6,416.32,Omicron,Nubaria,8
852,2025-03-27,33,198,4,187.56,Kryptor,Velonia,22
853,2023-07-30,30,162,1,70.94,Omicron,Erebus,29
854,2023-10-15,5,46,5,95.13,Erebus,Xandar,3
855,2023-07-19,54,171,2,343.11,Zycron,Zycron,8
856,2024-08-03,94,48,7,148.79,Kryptor,Omicron,3
857,2025-02-20,26,131,8,214.06,Zycron,Erebus,19
858,2024-11-30,6,41,3,192.5,Galador,Galador,8
859,2023-12-13,39,9,8,128.17,Erebus,Kryptor,20
860,2024-09-28,96,198,7,41.57,Xandar,Omicron,21
861,2025-01-14,51,59,3,25.71,Kryptor,Nubaria,14
862,2024-01-10,80,192,2,306.18,Erebus,Xandar,14
863,2023-08-29,92,6,4,251.07,Zycron,Erebus,5
864,2023-10-02,50,70,7,111.64,Erebus,Nubaria,17
865,2024-08-29,89,144,1,210.68,Zycron,Xandar,2
866,2023-08-22,2,55,8,352.82,Galador,Zycron,15
867,2024-10-09,42,7,2,223.41,Velonia,Velonia,3
868,2023-08-26,17,71,5,106.11,Kryptor,Erebus,16
869,2025-05-04,13,69,9,254.2,Zycron,Kryptor,8
870,2024-08-15,85,116,4,251.68,Velonia,Kryptor,2
871,2025-03-29,84,72,7,452.53,Erebus,Nubaria,17
872,2024-09-29,95,98,3,18.24,Velonia,Zycron,19
873,2024-05-10,50,31,7,94.51,Zycron,Erebus,5
874,2024-08-22,5,54,3,76.0,Erebus,Nubaria,13
875,2024-12-04,25,104,9,379.68,Xandar,Velonia,16
876,2024-11-11,23,90,9,40.23,Erebus,Omicron,13
877,2024-12-14,73,53,6,273.06,Xandar,Xandar,6
878,2024-05-18,95,176,6,329.44,Omicron,Nubaria,1
879,2024-09-19,83,163,6,32.29,Xandar,Kryptor,6
880,2024-08-13,98,24,3,196.32,Omicron,Erebus,20
881,2024-09-24,24,157,6,109.55,Xandar,Omicron,8
882,2024-09-25,87,106,8,454.28,Kryptor,Omicron,3
883,2024-07-29,95,138,3,366.76,Kryptor,Galador,13
884,2024-01-05,51,169,6,94.83,Velonia,Xandar,13
885,2023-07-23,49,43,1,95.85,Xandar,Zycron,11
886,2024-01-05,27,11,9,381.89,Xandar,Zycron,28
887,2024-11-28,14,55,8,273.91,Zycron,Nubaria,22
888,2023-07-21,80,75,5,317.48,Nubaria,Nubaria,25
889,2025-02-09,9,27,7,237.22,Erebus,Nubaria,4
890,2024-04-07,73,140,1,470.61,Erebus,Zycron,27
891,2024-02-07,6,8,6,259.92,Omicron,Galador,20
892,2025-06-15,78,25,6,177.93,Omicron,Kryptor,16
893,2025-07-03,95,110,5,369.18,Xandar,Kryptor,20
894,2023-10-26,34,172,7,178.06,Erebus,Xandar,15
895,2024-12-31,60,171,1,320.94,Zycron,Omicron,9
896,2025-06-08,3,184,6,446.68,Nubaria,Omicron,15
897,2023-11-22,2,187,2,486.73,Zycron,Zycron,28
898,2024-11-23,36,22,6,433.34,Nubaria,Erebus,24
899,2024-06-28,90,27,7,411.5,Omicron,Kryptor,29
900,2025-01-22,11,125,8,117.6,Omicron,Kryptor,11
901,2024-10-05,57,1,7,450.06,Omicron,Omicron,26
902,2024-08-15,9,192,5,149.12,Kryptor,Xandar,14
903,2024-09-20,11,172,4,127.45,Nubaria,Zycron,24
904,2024-12-05,81,158,4,402.66,Xandar,Kryptor,24
905,2024-10-17,75,38,2,397.34,Erebus,Erebus,22
906,2023-09-11,4,86,4,257.56,Nubaria,Kryptor,28
907,2023-07-16,57,88,6,85.62,Xandar,Nubaria,2
908,2024-11-04,49,191,6,414.9,Nubaria,Zycron,10
909,2023-09-05,88,24,5,245.94,Xandar,Erebus,3
910,2023-10-05,53,182,5,400.63,Erebus,Zycron,24
911,2024-08-20,92,108,2,65.71,Kryptor,Zycron,20
912,2023-07-30,62,179,7,24.15,Xandar,Zycron,29
913,2025-04-29,44,37,4,186.05,Velonia,Erebus,7
914,2024-04-24,62,199,1,285.41,Zycron,Galador,25
915,2024-05-27,94,44,3,191.57,Erebus,Erebus,21
916,2024-04-21,82,10,4,305.15,Xandar,Nubaria,24
917,2024-01-18,25,30,2,377.95,Velonia,Kryptor,8
918,2024-09-30,62,17,6,219.7,Kryptor,Xandar,1
919,2024-06-18,43,19,6,232.77,Nubaria,Velonia,4
920,2024-01-13,38,11,9,168.02,Erebus,Nubaria,3
921,2023-10-31,27,84,1,388.34,Nubaria,Zycron,26
922,2025-03-08,11,16,9,195.08,Xandar,Erebus,16
923,2024-07-27,14,123,1,209.52,Erebus,Velonia,17
924,2025-04-13,52,159,6,407.96,Xandar,Kryptor,27
925,2025-02-23,25,7,2,476.56,Galador,Nubaria,14
926,2023-09-03,6,40,3,27.18,Zycron,Xandar,4
927,2024-11-25,84,183,2,11.6,Nubaria,Zycron,2
928,2023-08-30,64,11,6,260.66,Zycron,Xandar,11
929,2024-08-10,54,88,9,233.96,Galador,Erebus,3
930,2024-03-25,40,119,2,404.86,Zycron,Zycron,2
931,2024-11-28,29,49,4,353.34,Xandar,Xandar,19
932,2024-03-06,54,59,8,266.33,Galador,Galador,22
933,2023-11-12,78,139,9,70.14,Velonia,Kryptor,5
934,2024-07-29,29,85,7,459.44,Velonia,Erebus,24
935,2023-11-01,57,51,2,400.81,Nubaria,Omicron,1
936,2023-11-14,98,53,4,258.38,Zycron,Nubaria,15
937,2024-07-08,81,84,7,480.11,Omicron,Erebus,2
938,2024-11-27,38,110,6,436.76,Velonia,Galador,11
939,2023-08-05,24,181,2,489.18,Omicron,Galador,29
940,2025-01-03,85,99,6,272.46,Nubaria,Erebus,29
941,2025-03-12,12,99,8,483.98,Nubaria,Nubaria,4
942,2023-10-12,23,101,8,221.73,Zycron,Galador,29
943,2024-12-29,50,16,4,115.63,Nubaria,Nubaria,6
944,2024-06-23,81,84,6,129.89,Velonia,Galador,7
945,2024-03-09,49,166,7,92.34,Nubaria,Omicron,29
946,2025-06-23,43,8,4,205.67,Zycron,Erebus,24
947,2024-12-08,2,27,7,452.19,Omicron,Kryptor,15
948,2025-06-15,23,30,8,244.21,Xandar,Zycron,29
949,2025-01-28,72,69,3,267.08,Kryptor,Xandar,16
950,2023-08-26,71,15,1,254.82,Nubaria,Nubaria,5
951,2024-09-22,21,170,3,406.76,Kryptor,Kryptor,8
952,2024-10-27,70,27,3,289.56,Omicron,Zycron,22
953,2024-01-07,43,95,2,454.79,Nubaria,Velonia,15
954,2024-03-19,88,100,2,308.75,Kryptor,Omicron,6
955,2024-01-23,43,144,1,198.93,Galador,Velonia,23
956,2024-07-22,44,27,1,68.38,Kryptor,Galador,24
957,2025-06-16,55,10,1,295.51,Zycron,Xandar,1
958,2025-04-01,8,192,6,487.22,Galador,Nubaria,2
959,2024-06-28,19,7,4,366.25,Galador,Nubaria,2
960,2023-11-22,76,14,1,62.96,Kryptor,Xandar,22
961,2024-07-06,59,30,3,483.97,Omicron,Omicron,14
962,2025-04-05,33,111,2,34.22,Velonia,Omicron,12
963,2024-02-02,96,164,2,152.72,Nubaria,Velonia,13
964,2023-09-09,20,105,7,408.75,Omicron,Nubaria,12
965,2024-03-31,72,75,2,355.82,Xandar,Velonia,1
966,2024-02-16,70,32,1,317.78,Velonia,Kryptor,29
967,2024-01-05,10,127,2,287.29,Zycron,Velonia,21
968,2025-02-20,84,8,1,377.03,Nubaria,Xandar,17
969,2024-05-01,18,195,6,49.0,Omicron,Galador,18
970,2024-12-24,7,31,5,55.15,Omicron,Erebus,1
971,2024-05-23,43,181,8,46.39,Nubaria,Xandar,27
972,2023-10-20,66,16,1,113.5,Galador,Galador,7
973,2024-02-28,32,92,7,418.04,Galador,Erebus,5
974,2024-07-08,45,18,6,341.59,Omicron,Nubaria,12
975,2024-09-28,95,90,6,263.2,Xandar,Omicron,21
976,2023-09-13,64,33,5,188.06,Omicron,Zycron,28
977,2023-09-06,13,11,2,369.92,Kryptor,Omicron,10
978,2024-07-06,77,52,5,162.38,Erebus,Omicron,8
979,2024-07-26,72,180,8,418.57,Erebus,Erebus,21
980,2023-09-19,20,164,3,474.91,Galador,Nubaria,27
981,2023-09-13,29,187,8,280.69,Erebus,Galador,4
982,2023-08-06,79,120,4,14.37,Omicron,Zycron,27
983,2024-09-09,15,33,1,309.25,Zycron,Zycron,19
984,2023-10-07,65,150,5,369.19,Kryptor,Erebus,25
985,2024-10-03,36,78,4,205.16,Galador,Xandar,8
986,2024-01-22,40,169,5,42.12,Velonia,Nubaria,19
987,2025-04-29,18,46,6,377.12,Zycron,Galador,18
988,2025-03-10,38,58,5,499.36,Velonia,Xandar,29
989,2025-06-11,1,147,5,335.77,Velonia,Kryptor,29
990,2025-04-12,100,50,6,56.91,Galador,Velonia,1
991,2024-04-05,58,153,4,489.33,Xandar,Omicron,13
992,2025-03-19,69,155,8,307.41,Xandar,Nubaria,14
993,2023-07-21,43,140,8,147.39,Erebus,Xandar,13
994,2025-06-12,94,79,9,430.38,Nubaria,Velonia,20
995,2024-04-23,94,40,3,103.63,Omicron,Omicron,13
996,2024-11-23,15,138,7,340.34,Galador,Kryptor,9
997,2025-02-21,28,180,6,482.27,Omicron,Nubaria,10
998,2023-11-14,84,7,5,23.48,Xandar,Erebus,19
999,2024-08-01,22,149,6,162.5,Xandar,Xandar,13
1000,2024-12-11,30,197,6,336.31,Kryptor,Erebus,23
